Channel Id,Channel Url,Channel Title
UC-pKQ46ZSMkveYV7nKijWmQ,http://www.youtube.com/channel/UC-pKQ46ZSMkveYV7nKijWmQ,Baghdadi Sound & Video
UC0CiSRY6BUvpza5nawvK-mA,http://www.youtube.com/channel/UC0CiSRY6BUvpza5nawvK-mA,FAISAL SHAFIQUE
UC0GgjxUkLHobFepxhSKaMSQ,http://www.youtube.com/channel/UC0GgjxUkLHobFepxhSKaMSQ,Third Angle
UC4JCksJF76g_MdzPVBJoC3Q,http://www.youtube.com/channel/UC4JCksJF76g_MdzPVBJoC3Q,ARY Digital HD
UC4fTAutMMW0baxbSahT5TPA,http://www.youtube.com/channel/UC4fTAutMMW0baxbSahT5TPA,Humza Amin
UC53-VmtRF_OPNET1ufWBR8g,http://www.youtube.com/channel/UC53-VmtRF_OPNET1ufWBR8g,Allama Hafiz Bilal Qadri
UC5GC00-Nao3DKRG7IIavr4w,http://www.youtube.com/channel/UC5GC00-Nao3DKRG7IIavr4w,Shobhit Nirwan Emotions
UC5QaSQJ_aKsFAt0cm8wJdOA,http://www.youtube.com/channel/UC5QaSQJ_aKsFAt0cm8wJdOA,Ritik raj funny Video 31
UC6wHGjpynHruVFTN2yLQBgA,http://www.youtube.com/channel/UC6wHGjpynHruVFTN2yLQBgA,Saanvi's wonderland
UC9dfnBWlg5h1Fr5_w8rjZyg,http://www.youtube.com/channel/UC9dfnBWlg5h1Fr5_w8rjZyg,Heera Gold
UCBUN0MRbMMcDR3WeK9cn-hQ,http://www.youtube.com/channel/UCBUN0MRbMMcDR3WeK9cn-hQ,Muzaffar Ruhani
UCF7YZxMeWHD5RRUW6QZBeJA,http://www.youtube.com/channel/UCF7YZxMeWHD5RRUW6QZBeJA,pothwari
UCFo9mvW4ythx_tgT3NHaw-Q,http://www.youtube.com/channel/UCFo9mvW4ythx_tgT3NHaw-Q,Junaid Akram
UCGxQh08sHQBTi1Rsd4WpZWg,http://www.youtube.com/channel/UCGxQh08sHQBTi1Rsd4WpZWg,THE KING’S GAMING DYNASTY
UCHYknG-fvZiHCPcdp94A3kQ,http://www.youtube.com/channel/UCHYknG-fvZiHCPcdp94A3kQ,Nabi Ka Jashan official page
UCK-y-GEW9HJC4ddtlPYJXCQ,http://www.youtube.com/channel/UCK-y-GEW9HJC4ddtlPYJXCQ,NaatOnlineTvOfficial
UCNF0JMBEBaRVUur9LG7G7tA,http://www.youtube.com/channel/UCNF0JMBEBaRVUur9LG7G7tA,محمد نیاز عطاری المدنی
UCNzgM2ahywUtn1r1QtBlcnQ,http://www.youtube.com/channel/UCNzgM2ahywUtn1r1QtBlcnQ,FACTS' TIME
UCPgfM-dk3XAb4T3DtT6Nwsw,http://www.youtube.com/channel/UCPgfM-dk3XAb4T3DtT6Nwsw,CA Rahul Malodia: Business Coach
UCUYiOr24r02GuIFMEjYyuOw,http://www.youtube.com/channel/UCUYiOr24r02GuIFMEjYyuOw,Turkuaz Kitchen
UCUcfej7lPDoeqTlferD2mcw,http://www.youtube.com/channel/UCUcfej7lPDoeqTlferD2mcw,Czn Burak
UCWg1zRPHiCoX-mDuJkcbsIw,http://www.youtube.com/channel/UCWg1zRPHiCoX-mDuJkcbsIw,Sharum Ki Sketchbook
UCXbrax1lAsJIqwV2yST49Pw,http://www.youtube.com/channel/UCXbrax1lAsJIqwV2yST49Pw,Aaqib
UCa2Bl5lFO3HahS0eLWhAIVQ,http://www.youtube.com/channel/UCa2Bl5lFO3HahS0eLWhAIVQ,Hajveri Production
UCd6TiAWzTgmlEmFrYjh8nmQ,http://www.youtube.com/channel/UCd6TiAWzTgmlEmFrYjh8nmQ,Mustafa Hanif
UCeVMnSShP_Iviwkknt83cww,http://www.youtube.com/channel/UCeVMnSShP_Iviwkknt83cww,CodeWithHarry
UCfGAa7X3gpPCNxwfG2di66A,http://www.youtube.com/channel/UCfGAa7X3gpPCNxwfG2di66A,Maryna Aksenov
UCfLuT3JwLx8rvHjHfTymekw,http://www.youtube.com/channel/UCfLuT3JwLx8rvHjHfTymekw,Triggered Insaan
UCfSmrkM_OGTFMR4kkFxrNDQ,http://www.youtube.com/channel/UCfSmrkM_OGTFMR4kkFxrNDQ,Madani Channel
UChuLPNbGKvBgF8hf8JGF-5g,http://www.youtube.com/channel/UChuLPNbGKvBgF8hf8JGF-5g,QutubeAllahabad قطب الہ آباد
UCjen358QuqkD8iZUxfgF7RA,http://www.youtube.com/channel/UCjen358QuqkD8iZUxfgF7RA,Eidgah SharifUK
UCkXSRdcR-ehOK9iA6i_Wwag,http://www.youtube.com/channel/UCkXSRdcR-ehOK9iA6i_Wwag,Squeeze.Beemers
UCl5aDEXAN8iz2dRu92bHk0A,http://www.youtube.com/channel/UCl5aDEXAN8iz2dRu92bHk0A,Yasir Ali shorts
UClc7bY2kJGnWvuDA_NG5ZUQ,http://www.youtube.com/channel/UClc7bY2kJGnWvuDA_NG5ZUQ,Code Aur Bilal
UCmTZiKDCxLOTqfOPcTS1R4w,http://www.youtube.com/channel/UCmTZiKDCxLOTqfOPcTS1R4w,The Up20 rider
UCnLgMXLLFMLT0LZD5QZ8dNA,http://www.youtube.com/channel/UCnLgMXLLFMLT0LZD5QZ8dNA,EPL with Fareed
UCngVKppNKRXO3xkEvJ7yCdw,http://www.youtube.com/channel/UCngVKppNKRXO3xkEvJ7yCdw,Nilanjana Dhar Shorts
UCnm1OOV8ufB-yC7TYsARodg,http://www.youtube.com/channel/UCnm1OOV8ufB-yC7TYsARodg,Reality Tv
UCpIoWwPp5L7YhAEOVQGJDPQ,http://www.youtube.com/channel/UCpIoWwPp5L7YhAEOVQGJDPQ,Zohaib Ashrafi
UCsmPQStDK1C-heTQURej_jA,http://www.youtube.com/channel/UCsmPQStDK1C-heTQURej_jA,Amir in America
UCv_KQsNk-67Q9svXWOmRNBw,http://www.youtube.com/channel/UCv_KQsNk-67Q9svXWOmRNBw,Kujees
UCz0M2pV4jOUUQ88lOd2q08A,http://www.youtube.com/channel/UCz0M2pV4jOUUQ88lOd2q08A,Maaz Safder World
UCz7ESbWlCz1nTXM2BNW5-nA,http://www.youtube.com/channel/UCz7ESbWlCz1nTXM2BNW5-nA,Haider Tv
UCzYiufW5gc8gFa346OMvoWg,http://www.youtube.com/channel/UCzYiufW5gc8gFa346OMvoWg,Shaz Safder World





